{"cpu_memory_mb":1175.62109375,"_wandb":{"runtime":103},"summary/preprocess_mean_ms":1.3081449675270111,"preprocess_time_ms":1.3304559997777687,"summary/inference_mean_ms":86.67943113453062,"_runtime":103,"summary/total_frames":1167,"summary/postprocess_mean_ms":0.0001566632378199813,"summary/fps":11.536381538679723,"_timestamp":1.7650594095259187e+09,"_step":117,"total_time_ms":90.50674400032221,"summary/frame_mean_ms":86.68229259297232,"postprocess_time_ms":0.00014199986253515817,"summary/load_mean_ms":0.3143217854711919,"fps":11.048900400134158,"inference_time_ms":90.50393500001519,"frame_idx":1160,"summary/video_fps":10}