{"summary/bs16_throughput_imgs_per_sec":418.70913039069325,"bs4/batch_images_per_second":671.2085111870058,"comparison/max_speedup":2.0710748104766172,"comparison/batch_size":32,"comparison/latency_vs_batch_size":2.3586988281465437,"bs1/batch_data_loading_time_ms":0.16969999705906957,"bs4/batch_gpu_memory_reserved_mb":760,"bs8/batch_data_loading_time_ms":0.5167999988771044,"summary/bs1_latency_per_image_ms":4.946333051166374,"summary/bs8_throughput_imgs_per_sec":366.85450860841996,"summary/bs32_throughput_imgs_per_sec":390.8404875600018,"bs1/batch_latency_per_image_ms":2.8321999998297542,"progress/batch_number":10,"summary/bs1_p95_latency_ms":5.722125004467671,"_step":43,"bs8/batch_latency_per_image_ms":1.4444999997067498,"bs16/batch_data_loading_time_ms":2.0112000056542456,"progress/total_images_processed":160,"comparison/throughput_vs_batch_size":390.8404875600018,"summary/bs4_throughput_imgs_per_sec":418.4998942174184,"summary/bs1_throughput_imgs_per_sec":202.16996907723268,"_wandb":{"runtime":54},"comparison/optimal_throughput":418.70913039069325,"bs1/batch_gpu_memory_reserved_mb":760,"bs8/batch_gpu_memory_reserved_mb":760,"bs8/batch_images_per_second":692.2810662533828,"comparison/batch_size_comparison_table":{"artifact_path":"wandb-client-artifact://qonm87mtycrrp9mzpdriq1wa89tb8fzxzhgqvb9qq5zuw3nazzmzchr2dqrfvsz0k2vwhys8v0vyptkycz2iscus9ls3cpr7zenjd2qcld7juehifvuoh2cnm5prxi60/comparison/batch_size_comparison_table.table.json","size":396,"_latest_artifact_path":"wandb-client-artifact://au188yk5s8da1wxiz0p9o0n0zipei9t0wv0pedjui2nktf1w8ps24d48lzu8urmvaem4rgyj0xiuvltj4hmif7fxllxxgw4rm9mbwf8t8f9bu4lvcxgip7945uft3xl1:latest/comparison/batch_size_comparison_table.table.json","path":"media/table/comparison/batch_size_comparison_table_37_a591dd579d7b3d50a23c.table.json","log_mode":"IMMUTABLE","sha256":"a591dd579d7b3d50a23c0c3b8a609ac0fc9e6ee11af29a4b9e4036b97c4c07ba","nrows":5,"_type":"table-file","ncols":6},"bs16/batch_inference_time_ms":23.218900001666043,"summary/bs8_latency_per_image_ms":2.6804450000175466,"bs16/batch_total_time_ms":25.23010000732029,"summary/bs1_memory_mb":380.98974609375,"summary/bs16_p95_latency_ms":6.044639375022591,"summary/bs32_memory_mb":478.44287109375,"bs4/batch_data_loading_time_ms":0.7144000046537258,"bs16/batch_gpu_memory_reserved_mb":1260,"bs1/batch_images_per_second":353.08240945558606,"summary/bs4_p95_latency_ms":2.518382498965365,"_runtime":54,"bs1/batch_total_time_ms":3.001899996888824,"bs8/batch_gpu_memory_allocated_mb":390.2314453125,"summary/bs8_memory_mb":403.34619140625,"comparison/optimal_batch_size":16,"_timestamp":1.7658527771882973e+09,"summary/bs32_inference_time_ms":75.4783625006894,"bs8/batch_inference_time_ms":5.777999998826999,"bs16/batch_latency_per_image_ms":1.4511812501041277,"bs16/batch_images_per_second":689.0937985370513,"bs1/batch_gpu_memory_allocated_mb":380.98974609375,"bs4/batch_inference_time_ms":5.95939999766415,"summary/bs32_p95_latency_ms":6.417164374988712,"summary/bs16_memory_mb":427.19921875,"summary/bs1_inference_time_ms":4.946333051166374,"summary/bs16_inference_time_ms":37.57580666715512,"summary/bs8_inference_time_ms":21.443560000140373,"bs8/batch_total_time_ms":6.294799997704104,"summary/bs8_p95_latency_ms":2.006583750244317,"summary/bs4_inference_time_ms":9.557947457740399,"comparison/memory_vs_batch_size":478.44287109375,"bs4/batch_latency_per_image_ms":1.4898499994160375,"summary/bs4_latency_per_image_ms":2.3894868644350997,"bs1/batch_inference_time_ms":2.8321999998297542,"summary/bs32_latency_per_image_ms":2.3586988281465437,"summary/bs4_memory_mb":390.2314453125,"bs4/batch_total_time_ms":6.673800002317876,"bs4/batch_gpu_memory_allocated_mb":390.2314453125,"bs16/batch_gpu_memory_allocated_mb":427.19921875,"summary/bs16_latency_per_image_ms":2.348487916697195}