{"_wandb":{"runtime":1},"batch_idx":10,"inference_time_ms":34.882156000094255,"postprocess_time_ms":0.00022899985197000206,"summary/total_frames":78,"_timestamp":1.7650709029599643e+09,"summary/frame_mean_ms":-2.2693593933730054e+11,"gpu_transfer_time_ms":0.8309859986184165,"_step":1,"_runtime":1,"batch_fps":0,"summary/transfer_mean_ms":1.1078147996158805,"total_batch_time_ms":-1.7650573059525398e+12,"summary/inference_mean_ms":30.368408222178306,"frames_processed":78,"summary/fps":0,"summary/postprocess_mean_ms":0.0005893333663051534,"summary/batch_mean_ms":-1.7650573059567822e+12,"dataset_preprocess_mean_ms":0,"summary/video_fps":10}