{"postprocess_time_ms":0.0008950009942054749,"summary/total_frames":1170,"total_batch_time_ms":-1.765057305953744e+12,"_runtime":6,"summary/frame_mean_ms":-2.2177139988793863e+11,"batch_idx":140,"_step":14,"summary/fps":0,"inference_time_ms":33.44265299892868,"summary/transfer_mean_ms":1.1495006462183128,"batch_fps":0,"summary/postprocess_mean_ms":0.00042034930193538407,"summary/video_fps":10,"summary/inference_mean_ms":29.672247657525652,"_wandb":{"runtime":6},"gpu_transfer_time_ms":1.0633300007611979,"_timestamp":1.7650710045342126e+09,"frames_processed":1120,"summary/batch_mean_ms":-1.7650573059574292e+12,"dataset_preprocess_mean_ms":0}