{"frames_processed":240,"summary/postprocess_mean_ms":0.00043729724475761523,"_runtime":2,"batch_idx":30,"summary/frame_mean_ms":-2.2597619488023602e+11,"summary/transfer_mean_ms":1.2398092369135394,"batch_fps":0,"_step":3,"postprocess_time_ms":0.000293000994133763,"_timestamp":1.7650709231285238e+09,"total_batch_time_ms":-1.7650573059540232e+12,"_wandb":{"runtime":2},"summary/batch_mean_ms":-1.7650573059564382e+12,"summary/total_frames":297,"summary/fps":0,"inference_time_ms":33.00881499853858,"gpu_transfer_time_ms":1.217920000271988,"dataset_preprocess_mean_ms":0,"summary/video_fps":10,"summary/inference_mean_ms":30.572732270032958}