{"frames_processed":240,"summary/batch_mean_ms":-1.7650573059561729e+12,"batch_idx":30,"_step":3,"summary/inference_mean_ms":30.952299756618967,"postprocess_time_ms":0.0009239993232768029,"total_batch_time_ms":-1.765057305953262e+12,"gpu_transfer_time_ms":1.2009740003122715,"summary/fps":0,"inference_time_ms":33.78478900049231,"summary/frame_mean_ms":-2.2597619488020206e+11,"dataset_preprocess_mean_ms":1.1794829208838564,"summary/total_frames":297,"batch_fps":0,"summary/video_fps":10,"_timestamp":1.7650709136157496e+09,"_runtime":2,"summary/transfer_mean_ms":1.1230446843431932,"summary/postprocess_mean_ms":0.0007918916781892296,"_wandb":{"runtime":2}}