{"summary/amp_speedup":1.2891759055330556,"_timestamp":1.7661887067863877e+09,"summary/amp_accuracy_drop":0,"comparison/max_accuracy":0.43478260869565216,"comparison/accuracy_drop_amp":0,"fp32/batch_images_per_second":663.2481754057703,"amp/batch_inference_time_ms":15.009800030384213,"comparison/best_accuracy_mode":"FP32","summary/fp16_speedup":1.279947619308147,"summary/fp16_accuracy_drop":0,"amp/batch_images_per_second":1065.9702306234149,"summary/fp32_throughput":370.66459852491107,"_wandb":{"runtime":96},"fp16/batch_data_loading_time_ms":2.048599999397993,"amp/batch_data_loading_time_ms":1.902799995150417,"_step":7,"amp/batch_latency_per_image_ms":0.9381125018990133,"fp32/batch_latency_per_image_ms":1.5077312491484918,"summary/amp_accuracy":0.43478260869565216,"summary/fp32_f1_score":0.6060606060606061,"comparison/precision_comparison_table":{"size":371,"sha256":"d92b102f3563c1c7d30dd78e54b21648f64036920ffbd7ba83769785957611bd","_type":"table-file","log_mode":"IMMUTABLE","_latest_artifact_path":"wandb-client-artifact://hbi3vzny72cyk3zr54e9nozi3nresmdchkv2jvqkktgvoari9ld4oxdrzaubodhn6u068e8dfyeiktx7fxdegwktcgyso3y45u0dn2t2kxeujc7jtzxxnkj6y3dnsfvq:latest/comparison/precision_comparison_table.table.json","nrows":3,"artifact_path":"wandb-client-artifact://jr8gkd9cvx3ru17qpbhkd1vjpupbb18sm6hyzdg3p1mctixhwkfhvfqnrk0mr6sdyrejm9aa5aw6roxdvwwggwkchpy8679as9euc0xpe2xwd4ggx4ons0z0fnc1od17/comparison/precision_comparison_table.table.json","path":"media/table/comparison/precision_comparison_table_6_d92b102f3563c1c7d30d.table.json","ncols":8},"fp16/batch_latency_per_image_ms":0.8522187490598299,"fp32/batch_gpu_memory_reserved_mb":1260,"fp16/batch_gpu_memory_allocated_mb":220.12255859375,"summary/fp32_accuracy":0.43478260869565216,"fp32/batch_gpu_memory_allocated_mb":428.69287109375,"fp32/batch_inference_time_ms":24.12369998637587,"fp16/batch_images_per_second":1173.4076504456195,"summary/fp16_throughput":474.43127044376996,"fp32/batch_data_loading_time_ms":1.9028999959118664,"fp16/batch_gpu_memory_reserved_mb":916,"fp16/batch_inference_time_ms":13.635499984957278,"summary/fp16_accuracy":0.43478260869565216,"amp/batch_gpu_memory_reserved_mb":886,"comparison/max_speedup":1.2891759055330556,"_runtime":96,"amp/batch_gpu_memory_allocated_mb":427.06982421875,"comparison/accuracy_drop_fp16":0,"comparison/best_throughput_mode":"AMP","progress/total_images_processed":160,"summary/amp_throughput":477.8518694523988}