{"progress/batch_number":230,"batch/data_loading_time_ms":0.2967000036733225,"summary/inference_max_ms":74.61379999585915,"batch/gpu_memory_allocated_mb":380.98974609375,"distributions/inference_time_histogram":{"values":[62,97,33,17,9,5,3,1,1,0,1,0,0,0,0,0,0,0,1,0,1,1,0,0,0,0,0,0,1,0,0,0,1,0,0,1,0,0,0,0,0,0,0,0,0,0,0,0,0,0,0,0,0,0,0,0,0,0,0,0,0,0,0,1],"bins":[7.652699998288881,8.698967185750917,9.745234373212952,10.791501560674988,11.837768748137023,12.884035935599059,13.930303123061094,14.97657031052313,16.022837497985165,17.0691046854472,18.115371872909236,19.16163906037127,20.207906247833307,21.254173435295343,22.300440622757378,23.346707810219414,24.39297499768145,25.439242185143485,26.48550937260552,27.531776560067556,28.57804374752959,29.624310934991627,30.670578122453662,31.716845309915698,32.76311249737773,33.80937968483977,34.855646872301804,35.90191405976384,36.948181247225875,37.99444843468791,39.040715622149946,40.08698280961198,41.13324999707402,42.17951718453605,43.22578437199809,44.272051559460124,45.31831874692216,46.364585934384195,47.41085312184623,48.457120309308266,49.5033874967703,50.54965468423234,51.59592187169437,52.64218905915641,53.68845624661844,54.73472343408048,55.780990621542514,56.82725780900455,57.873524996466585,58.91979218392862,59.96605937139066,61.01232655885269,62.05859374631473,63.10486093377676,64.1511281212388,65.19739530870083,66.24366249616287,67.2899296836249,68.33619687108694,69.38246405854898,70.42873124601101,71.47499843347305,72.52126562093508,73.56753280839712,74.61379999585915],"_type":"histogram"},"summary/total_pipeline_median_ms":9.505099998932565,"batch/fps":123.69195757560703,"summary/inference_p95_ms":14.375799997651484,"summary/inference_median_ms":9.166399999230634,"summary/peak_fps":130.67283445366954,"summary/inference_mean_ms":10.56927499993728,"summary/ms_per_image":10.56927499993728,"summary/gpu_memory_reserved_mb":760,"summary/inference_fps":94.61386897454501,"summary/total_pipeline_mean_ms":10.895263135306916,"distributions/data_loading_histogram":{"bins":[0.21430000197142363,0.22825312692020816,0.2422062518689927,0.25615937681777723,0.27011250176656176,0.2840656267153463,0.29801875166413083,0.31197187661291537,0.3259250015616999,0.33987812651048444,0.35383125145926897,0.3677843764080535,0.38173750135683804,0.3956906263056226,0.4096437512544071,0.42359687620319164,0.4375500011519762,0.4515031261007607,0.46545625104954524,0.4794093759983298,0.4933625009471143,0.5073156258958988,0.5212687508446834,0.5352218757934679,0.5491750007422525,0.563128125691037,0.5770812506398215,0.591034375588606,0.6049875005373906,0.6189406254861751,0.6328937504349597,0.6468468753837442,0.6608000003325287,0.6747531252813133,0.6887062502300978,0.7026593751788823,0.7166125001276669,0.7305656250764514,0.7445187500252359,0.7584718749740205,0.772424999922805,0.7863781248715895,0.8003312498203741,0.8142843747691586,0.8282374997179431,0.8421906246667277,0.8561437496155122,0.8700968745642967,0.8840499995130813,0.8980031244618658,0.9119562494106503,0.9259093743594349,0.9398624993082194,0.953815624257004,0.9677687492057885,0.981721874154573,0.9956749991033575,1.009628124052142,1.0235812490009266,1.0375343739497112,1.0514874988984957,1.0654406238472802,1.0793937487960648,1.0933468737448493,1.1072999986936338],"_type":"histogram","values":[4,15,32,37,30,20,14,14,10,4,3,5,5,6,6,3,6,5,4,0,1,1,1,1,0,0,1,0,0,1,1,1,0,0,0,0,0,1,0,0,0,1,0,0,0,0,0,0,0,0,0,0,0,0,1,0,0,0,0,0,1,0,0,1]},"summary/gpu_memory_allocated_mb":380.98974609375,"_timestamp":1.765852313385935e+09,"summary/data_loading_mean_ms":0.3259881353696366,"timeseries/inference_time_ms":7.652699998288881,"_runtime":34,"batch/gpu_memory_reserved_mb":760,"progress/images_processed":230,"summary/inference_p99_ms":40.16530000262722,"_step":281,"summary/data_loading_median_ms":0.28404999829945154,"_wandb":{"runtime":34},"summary/inference_min_ms":7.652699998288881,"summary/images_per_second":94.61386897454501,"tables/batch_metrics":{"_latest_artifact_path":"wandb-client-artifact://vxxh5idmjs8e26w5cikis6a4mz7uw2ej1q7yl1zs7vqa89be0agw8w14cv301exfxkjv6z5su7s6e9x6r68ckwexylvqte4rzwp7hbfn8i6l6aahm9wp0eowqcgbmmz1:latest/tables/batch_metrics.table.json","ncols":5,"_type":"table-file","log_mode":"IMMUTABLE","path":"media/table/tables/batch_metrics_232_e540bf663b3b8d4603e9.table.json","sha256":"e540bf663b3b8d4603e9668de8a374ed02a413d12448b39fa77dec56d275822e","artifact_path":"wandb-client-artifact://t88jz9hi49iet32evs7kd6jjvnpfb0pvv5tytcph1254ljhdvu4d9yuvbwfun84ey9djra50eewyyt87jfc0ptc9oyhh0xh21xwyo7827dob7j77cv2wm95wkrq5fxee/tables/batch_metrics.table.json","nrows":100,"size":8285},"summary/total_fps":91.7830058421834,"batch/total_time_ms":8.381300001929048,"summary/metrics_table":{"ncols":3,"artifact_path":"wandb-client-artifact://quwad1zk4rvkm3u85escmcwv9pc61up0k2wxpacxwor5ppfcfgh1c2izvynjz9ax5adb13588qpa6pmz1j74z4iwhjdhn0vf8ylnsjbkxf5aws53jr95tz1mew8pcnno/summary/metrics_table.table.json","_latest_artifact_path":"wandb-client-artifact://0nbf9xpzqkwwyrr0ixdu1z8kqpvzcoz9ljs8a5x195711cvolg2jd6a8n6zsjedbvqtiw53us9kibq1ysyazfwzr966mj50wtdt75ud5zc3pbsz5wcngmnrkcrwf4kf4:latest/summary/metrics_table.table.json","sha256":"1e4aaf4d84606cc5e7e270fa5c26add09a9b8dee3bba5e3709df245f3d5a9cb7","_type":"table-file","path":"media/table/summary/metrics_table_281_1e4aaf4d84606cc5e7e2.table.json","log_mode":"IMMUTABLE","size":391,"nrows":9},"timeseries/data_loading_time_ms":0.24259999918285757,"batch/inference_time_ms":8.084599998255726,"summary/data_loading_std_ms":0.12148462237291983,"summary/inference_std_ms":6.057373478592248}