{"fps":11.963465061203067,"summary/video_fps":10,"frame_idx":290,"summary/total_frames":294,"preprocess_time_ms":1.006523000114612,"summary/preprocess_mean_ms":1.2446527609445368,"summary/load_mean_ms":0.35806610101105807,"summary/postprocess_mean_ms":0.00016163605963885524,"_wandb":{"runtime":25},"_step":30,"total_time_ms":83.58782299978884,"cpu_memory_mb":1173.53125,"_timestamp":1.7650590955916545e+09,"summary/frame_mean_ms":83.56696580272403,"summary/fps":11.966450982086549,"_runtime":25,"postprocess_time_ms":0.00012999998943996616,"summary/inference_mean_ms":83.56396804760892,"inference_time_ms":83.58476500006873}