{"summary/ms_per_image":10.320430084841249,"_runtime":34,"timeseries/data_loading_time_ms":0.21660000493284315,"summary/data_loading_mean_ms":0.3255008475623642,"_wandb":{"runtime":34},"summary/gpu_memory_reserved_mb":760,"summary/inference_fps":96.895186710175,"summary/total_fps":93.93260263940323,"summary/data_loading_std_ms":0.1463286342731412,"distributions/inference_time_histogram":{"values":[4,28,72,40,20,13,10,10,8,6,5,1,1,2,2,1,2,0,0,0,0,0,0,0,0,0,0,0,0,0,0,0,0,0,0,0,0,0,0,0,0,0,0,0,0,1,3,0,0,0,0,0,0,0,0,1,1,2,1,1,0,0,0,1],"bins":[7.265600004757289,7.726865629592794,8.1881312544283,8.649396879263804,9.11066250409931,9.571928128934815,10.03319375377032,10.494459378605825,10.95572500344133,11.416990628276835,11.87825625311234,12.339521877947845,12.80078750278335,13.262053127618856,13.723318752454361,14.184584377289866,14.645850002125371,15.107115626960876,15.568381251796382,16.029646876631887,16.490912501467392,16.952178126302897,17.413443751138402,17.874709375973907,18.335975000809412,18.797240625644918,19.258506250480423,19.719771875315928,20.181037500151433,20.642303124986938,21.103568749822443,21.56483437465795,22.026099999493454,22.48736562432896,22.948631249164464,23.40989687399997,23.871162498835474,24.33242812367098,24.793693748506485,25.25495937334199,25.716224998177495,26.177490623013,26.638756247848505,27.10002187268401,27.561287497519515,28.02255312235502,28.483818747190526,28.94508437202603,29.406349996861536,29.86761562169704,30.328881246532546,30.79014687136805,31.251412496203557,31.712678121039062,32.17394374587457,32.63520937071007,33.09647499554558,33.55774062038108,34.01900624521659,34.48027187005209,34.9415374948876,35.4028031197231,35.86406874455861,36.32533436939411,36.78659999422962],"_type":"histogram"},"_step":281,"summary/inference_min_ms":7.265600004757289,"summary/inference_median_ms":8.748349995585158,"summary/metrics_table":{"ncols":3,"nrows":9,"_latest_artifact_path":"wandb-client-artifact://puf783e9p0bzhlcy8bncu7r66im5wxgxirvjdwxhng938mq6udhoj3wy1drm1cyip8eog9fcpox5tjbhxfcae2cmdsa8vi4rwlpgg8s8bmcadmt4ltzsuzeurifoym9q:latest/summary/metrics_table.table.json","sha256":"16a42497e576b073168a4c2d3bd415135b30e79f74896e66b53f508eaa2e2d1a","size":391,"path":"media/table/summary/metrics_table_281_16a42497e576b073168a.table.json","_type":"table-file","log_mode":"IMMUTABLE","artifact_path":"wandb-client-artifact://ijpb4jcjgy20nbazdhj0ib1u8aaiv4cpagb2fit00b5n0cws09jwx2zh14vx1ivo66kk0p7u9rccrbfu10cm7gcs3kww26dap10ocwc01c5npxam7uwk0bs45l7r0046/summary/metrics_table.table.json"},"summary/peak_fps":137.6348820944218,"batch/gpu_memory_allocated_mb":380.98974609375,"summary/total_pipeline_median_ms":9.046049992321059,"summary/data_loading_median_ms":0.28125000244472176,"batch/total_time_ms":7.490600008168258,"distributions/data_loading_histogram":{"bins":[0.20360000053187832,0.22210000054201373,0.24060000055214914,0.25910000056228455,0.27760000057241996,0.29610000058255537,0.3146000005926908,0.3331000006028262,0.3516000006129616,0.370100000623097,0.3886000006332324,0.4071000006433678,0.42560000065350323,0.44410000066363864,0.46260000067377405,0.48110000068390946,0.49960000069404487,0.5181000007041803,0.5366000007143157,0.5551000007244511,0.5736000007345865,0.5921000007447219,0.6106000007548573,0.6291000007649927,0.6476000007751281,0.6661000007852635,0.684600000795399,0.7031000008055344,0.7216000008156698,0.7401000008258052,0.7586000008359406,0.777100000846076,0.7956000008562114,0.8141000008663468,0.8326000008764822,0.8511000008866176,0.869600000896753,0.8881000009068885,0.9066000009170239,0.9251000009271593,0.9436000009372947,0.9621000009474301,0.9806000009575655,0.9991000009677009,1.0176000009778363,1.0361000009879717,1.0546000009981071,1.0731000010082425,1.091600001018378,1.1101000010285134,1.1286000010386488,1.1471000010487842,1.1656000010589196,1.184100001069055,1.2026000010791904,1.2211000010893258,1.2396000010994612,1.2581000011095966,1.276600001119732,1.2951000011298675,1.3136000011400029,1.3321000011501383,1.3506000011602737,1.369100001170409,1.3876000011805445],"_type":"histogram","values":[5,14,51,40,40,18,8,7,7,7,11,2,4,3,4,1,0,0,1,1,2,1,0,0,1,0,2,0,0,0,0,0,1,0,0,0,0,0,0,0,1,1,1,0,0,0,0,0,0,0,0,0,0,1,0,0,0,0,0,0,0,0,0,1]},"batch/inference_time_ms":7.265600004757289,"summary/images_per_second":96.895186710175,"progress/batch_number":230,"timeseries/inference_time_ms":7.358500006375834,"batch/fps":137.6348820944218,"summary/inference_p99_ms":34.142500003872556,"tables/batch_metrics":{"_latest_artifact_path":"wandb-client-artifact://1uukpni2mmmmlxfdbhjrkd4i39oft8wyjx2mds7oa7x5c92lyofuvkok9tlketl4j61l4qvk9piwfmtyld3bjpfrzagh8man7bel82r20k5tdw288325mixrzdgjieh2:latest/tables/batch_metrics.table.json","ncols":5,"artifact_path":"wandb-client-artifact://1c133dmp3app86z47fwps26kauypf7qxd09fumeaicwbiavq5bpmicnq2gqc9bvr3ra8j7aueawhfkhalbr666hb4gkqh5qfjlmcferm0vm87ldgheod8213kz8fxgjn/tables/batch_metrics.table.json","log_mode":"IMMUTABLE","sha256":"6cddf81e079b2998375fc8ade642099345b1bf15b61ecc027ba6344350b3c4df","_type":"table-file","path":"media/table/tables/batch_metrics_232_6cddf81e079b2998375f.table.json","nrows":100,"size":8284},"_timestamp":1.7646405014376569e+09,"batch/gpu_memory_reserved_mb":760,"summary/inference_mean_ms":10.320430084841249,"batch/data_loading_time_ms":0.22500000341096893,"summary/gpu_memory_allocated_mb":380.98974609375,"summary/inference_p95_ms":14.9039999996603,"summary/total_pipeline_mean_ms":10.645930932403612,"progress/images_processed":230,"summary/inference_std_ms":5.085052003395461,"summary/inference_max_ms":36.78659999422962}