{"summary/total_pipeline_median_ms":8.924800087697804,"batch/gpu_memory_reserved_mb":760,"_runtime":32,"summary/data_loading_median_ms":0.25750009808689356,"summary/inference_fps":100.21036957173659,"summary/inference_p99_ms":33.12055511632934,"summary/data_loading_mean_ms":0.30899745751551144,"summary/gpu_memory_allocated_mb":380.98974609375,"summary/inference_std_ms":5.089852630476743,"summary/inference_max_ms":38.43419998884201,"batch/inference_time_ms":7.664800155907869,"batch/total_time_ms":7.890100125223398,"batch/gpu_memory_allocated_mb":380.98974609375,"summary/inference_min_ms":7.475799880921841,"tables/batch_metrics":{"_latest_artifact_path":"wandb-client-artifact://id3hhw2hnfs52c8tsw0dliwxku5yws4p7m5885mkm28ccneynpl413221sfok2dfoyf8yfymmc7yz28alwn7g8iqmf0mbseifrg5q0km2ychqfsb9bmuaduryn7f4j6h:latest/tables/batch_metrics.table.json","nrows":100,"size":8282,"log_mode":"IMMUTABLE","ncols":5,"_type":"table-file","artifact_path":"wandb-client-artifact://m8qly52n26bshkh659d65ur6nhliw0462t7g1q8plqz5rx68k4gsc06xrqblsw2z05se9tirivc23f6qh80wqstga15zu8pkj49evf69r6wg3v6dc6ehyd5kgrlgsuk3/tables/batch_metrics.table.json","path":"media/table/tables/batch_metrics_232_ef435a35f6ce73cb2a60.table.json","sha256":"ef435a35f6ce73cb2a603cce25cd23a0bdc0fd3336957df4bcf3a5f95193dd26"},"batch/fps":130.46654572320725,"summary/gpu_memory_reserved_mb":760,"timeseries/inference_time_ms":7.905999897047877,"distributions/inference_time_histogram":{"values":[11,79,59,39,16,8,4,3,1,2,1,0,0,0,0,0,0,0,0,0,0,0,0,0,0,0,0,0,0,0,0,0,0,0,0,0,0,0,2,3,0,0,0,0,0,1,0,0,1,0,0,0,2,3,0,0,0,0,0,0,0,0,0,1],"bins":[7.475799880921841,7.959524882608093,8.443249884294346,8.926974885980599,9.410699887666851,9.894424889353104,10.378149891039357,10.86187489272561,11.345599894411862,11.829324896098115,12.313049897784367,12.79677489947062,13.280499901156873,13.764224902843125,14.247949904529378,14.73167490621563,15.215399907901883,15.699124909588136,16.18284991127439,16.66657491296064,17.150299914646894,17.634024916333146,18.1177499180194,18.60147491970565,19.085199921391904,19.568924923078157,20.05264992476441,20.536374926450662,21.020099928136915,21.503824929823168,21.98754993150942,22.471274933195673,22.954999934881926,23.43872493656818,23.92244993825443,24.406174939940684,24.889899941626936,25.37362494331319,25.85734994499944,26.341074946685694,26.824799948371947,27.3085249500582,27.792249951744452,28.275974953430705,28.759699955116957,29.24342495680321,29.727149958489463,30.210874960175715,30.694599961861968,31.17832496354822,31.662049965234473,32.145774966920726,32.62949996860698,33.11322497029323,33.596949971979484,34.08067497366574,34.56439997535199,35.04812497703824,35.531849978724495,36.01557498041075,36.499299982097,36.98302498378325,37.466749985469505,37.95047498715576,38.43419998884201],"_type":"histogram"},"distributions/data_loading_histogram":{"bins":[0.21549989469349384,0.23308583331527188,0.2506717719370499,0.26825771055882797,0.285843649180606,0.30342958780238405,0.3210155264241621,0.33860146504594013,0.35618740366771817,0.3737733422894962,0.39135928091127425,0.4089452195330523,0.42653115815483034,0.4441170967766084,0.4617030353983864,0.47928897402016446,0.4968749126419425,0.5144608512637205,0.5320467898854986,0.5496327285072766,0.5672186671290547,0.5848046057508327,0.6023905443726107,0.6199764829943888,0.6375624216161668,0.6551483602379449,0.6727342988597229,0.690320237481501,0.707906176103279,0.725492114725057,0.7430780533468351,0.7606639919686131,0.7782499305903912,0.7958358692121692,0.8134218078339472,0.8310077464557253,0.8485936850775033,0.8661796236992814,0.8837655623210594,0.9013515009428374,0.9189374395646155,0.9365233781863935,0.9541093168081716,0.9716952554299496,0.9892811940517277,1.0068671326735057,1.0244530712952837,1.0420390099170618,1.0596249485388398,1.0772108871606179,1.094796825782396,1.112382764404174,1.129968703025952,1.14755464164773,1.165140580269508,1.182726518891286,1.2003124575130641,1.2178983961348422,1.2354843347566202,1.2530702733783983,1.2706562120001763,1.2882421506219544,1.3058280892437324,1.3234140278655104,1.3409999664872885],"_type":"histogram","values":[36,60,47,21,11,6,4,3,5,1,7,8,2,4,2,2,2,0,1,0,0,3,2,1,4,0,0,0,0,0,0,0,0,1,0,0,0,0,1,0,0,0,0,0,0,1,0,0,0,0,0,0,0,0,0,0,0,0,0,0,0,0,0,1]},"_wandb":{"runtime":32},"summary/inference_median_ms":8.633599965833127,"summary/data_loading_std_ms":0.13531117188354375,"progress/images_processed":230,"summary/inference_p95_ms":26.021100056823343,"_timestamp":1.7657629169355588e+09,"summary/inference_mean_ms":9.979007205278691,"summary/total_pipeline_mean_ms":10.288004662794203,"batch/data_loading_time_ms":0.22529996931552887,"summary/metrics_table":{"sha256":"c621362d5fa3152416da01263b3f689ce08c00c1bdcb2056ab35e322e4a32b7b","path":"media/table/summary/metrics_table_281_c621362d5fa3152416da.table.json","log_mode":"IMMUTABLE","ncols":3,"nrows":9,"artifact_path":"wandb-client-artifact://1iw1defcwhni2ocsljhgl16fgp4m27xgaeht7v42818g8nj12hpb3hn4gpcjwh7lbr0219t9lpfsn9r7yka61kmvxk242o0yw95b8s2w0e4w6026456ftrmjgvgsojua/summary/metrics_table.table.json","size":391,"_type":"table-file","_latest_artifact_path":"wandb-client-artifact://7wxv8506ads17z4wm4yp4bq4v9vxp1wls88gclvjh6gryil6ymdxlsyuxcs4d6ctygwefnyqesiahogq6u4ahbuwutzdqos6h45uwhpc4rn3djnmubf452yibz0prto5:latest/summary/metrics_table.table.json"},"progress/batch_number":230,"summary/ms_per_image":9.979007205278691,"timeseries/data_loading_time_ms":0.22680009715259075,"summary/peak_fps":133.7649503636379,"_step":281,"summary/images_per_second":100.21036957173659,"summary/total_fps":97.20057803010383}