{"summary/transfer_mean_ms":1.1857072654214678,"summary/frame_mean_ms":-2.217713998878122e+11,"summary/inference_mean_ms":30.642084102746843,"summary/fps":0,"frames_processed":1120,"_wandb":{"runtime":5},"batch_fps":0,"summary/postprocess_mean_ms":0.0004022533973249964,"_runtime":5,"inference_time_ms":29.10747299938521,"batch_idx":140,"summary/video_fps":10,"summary/batch_mean_ms":-1.7650573059564233e+12,"_timestamp":1.7650709895370317e+09,"total_batch_time_ms":-1.7650573059579946e+12,"dataset_preprocess_mean_ms":0,"summary/total_frames":1170,"postprocess_time_ms":0.000261999957729131,"gpu_transfer_time_ms":1.150247999248677,"_step":14}