{"fp32/batch_gpu_memory_reserved_mb":1260,"comparison/min_memory_mb":218.91455078125,"summary/fp32_memory_mb":426.73681640625,"fp32/batch_gpu_memory_allocated_mb":426.27734375,"fp16/batch_inference_time_ms":13.446900004055351,"fp32/batch_data_loading_time_ms":2.1087999994051643,"comparison/best_throughput_mode":"FP16","summary/fp16_speedup":1.4182393835896627,"summary/amp_speedup":1.198796558531038,"_runtime":35,"amp/batch_latency_per_image_ms":1.157350000084989,"summary/amp_memory_mb":425.98681640625,"summary/fp16_throughput":517.8812774656859,"_timestamp":1.7658573584247398e+09,"comparison/best_throughput":517.8812774656859,"summary/fp32_throughput":365.15787352829835,"summary/amp_throughput":437.7500021062361,"fp16/batch_gpu_memory_reserved_mb":916,"amp/batch_gpu_memory_allocated_mb":425.86181640625,"comparison/best_memory_mode":"FP16","_wandb":{"runtime":35},"amp/batch_inference_time_ms":18.517600001359824,"fp32/batch_latency_per_image_ms":1.4435875000344822,"fp32/batch_inference_time_ms":23.097400000551715,"fp32/batch_images_per_second":692.7186609582817,"summary/fp16_memory_mb":218.91455078125,"_step":7,"fp16/batch_latency_per_image_ms":0.8404312502534594,"summary/fp32_latency_ms":43.086386666982435,"comparison/max_memory_reduction_pct":48.70033651541208,"progress/total_images_processed":160,"amp/batch_gpu_memory_reserved_mb":886,"amp/batch_data_loading_time_ms":2.045200002612546,"fp16/batch_data_loading_time_ms":2.388400003837887,"fp16/batch_gpu_memory_allocated_mb":218.91455078125,"fp16/batch_images_per_second":1189.86532176001,"comparison/precision_comparison_table":{"log_mode":"IMMUTABLE","_type":"table-file","artifact_path":"wandb-client-artifact://qpve46t2zz26i6kbafo5e4e2gr8tbeg6pbiy85nvmohsk3blw7kwzfe48o7237myy3d3fwcjsc6j8oga7mgfweaa8n01gknqrdtxi5diz79dfpwgvedbiql7jin8mcif/comparison/precision_comparison_table.table.json","size":301,"ncols":6,"_latest_artifact_path":"wandb-client-artifact://fo8i3t2lim98sxa7y78mx92v9e9vtignbn67bn6y0xa75b8cog8pg62l68osdgki3ckpzdwogrfzjmxgczcp3i75lccu4fqsj7d08869bj4x54qo5l8vrgxu0lamfjsm:latest/comparison/precision_comparison_table.table.json","sha256":"c4ae598602fc983d42e3a4a62919d0aaabfe5ac78fb2230ab323ea146b97c682","nrows":3,"path":"media/table/comparison/precision_comparison_table_6_c4ae598602fc983d42e3.table.json"},"summary/amp_latency_ms":35.94136666506529,"comparison/max_speedup":1.4182393835896627,"amp/batch_images_per_second":864.0428564622334,"summary/fp16_latency_ms":30.380193333742984}