{
  "1": {
    "data_loading": {
      "mean_ms": 0.21902499990527896,
      "std_ms": 0.09336582375519707,
      "min_ms": 0.1604999997653067,
      "max_ms": 1.2272999956621788,
      "median_ms": 0.19985000108135864
    },
    "inference": {
      "mean_ms": 4.946333051166374,
      "std_ms": 12.168841708624113,
      "min_ms": 2.7002999995602295,
      "max_ms": 181.33799999486655,
      "median_ms": 3.5314499982632697,
      "p95_ms": 5.722125004467671,
      "p99_ms": 32.029379999949235
    },
    "total_pipeline": {
      "mean_ms": 5.165358051071654,
      "std_ms": 12.249548368594791,
      "median_ms": 3.736300004675286
    },
    "throughput": {
      "images_per_second": 202.16996907723268,
      "batches_per_second": 202.16996907723268,
      "inference_fps": 202.16996907723268,
      "total_fps": 193.59742153644714,
      "peak_fps": 370.32922273927335
    },
    "gpu_memory": {
      "mean_allocated_mb": 380.98974609375,
      "max_allocated_mb": 380.98974609375,
      "mean_reserved_mb": 760.0,
      "max_reserved_mb": 760.0
    }
  },
  "4": {
    "data_loading": {
      "mean_ms": 0.6872169496846716,
      "std_ms": 0.4434265765010227,
      "min_ms": 0.5086000019218773,
      "max_ms": 4.034199999296106,
      "median_ms": 0.6213000015122816
    },
    "inference": {
      "mean_ms": 9.557947457740399,
      "std_ms": 23.978046290907354,
      "min_ms": 5.769500006863382,
      "max_ms": 191.99790000129724,
      "median_ms": 6.20389999676263,
      "p95_ms": 10.07352999586146,
      "p99_ms": 87.39385600041744
    },
    "total_pipeline": {
      "mean_ms": 10.24516440742507,
      "std_ms": 24.417181684406284,
      "median_ms": 6.804800003010314
    },
    "throughput": {
      "images_per_second": 418.4998942174184,
      "batches_per_second": 104.6249735543546,
      "inference_fps": 104.62497355435461,
      "total_fps": 97.60702319967271,
      "peak_fps": 173.32524461572106
    },
    "gpu_memory": {
      "mean_allocated_mb": 390.2314453125,
      "max_allocated_mb": 390.2314453125,
      "mean_reserved_mb": 760.0,
      "max_reserved_mb": 760.0
    }
  },
  "8": {
    "data_loading": {
      "mean_ms": 1.2340699991909787,
      "std_ms": 0.5306617600290722,
      "min_ms": 0.5167999988771044,
      "max_ms": 3.829000001132954,
      "median_ms": 1.1236999998800457
    },
    "inference": {
      "mean_ms": 21.443560000140373,
      "std_ms": 48.70142418239661,
      "min_ms": 5.777999998826999,
      "max_ms": 283.54250000120373,
      "median_ms": 12.145200002123602,
      "p95_ms": 16.052670001954535,
      "p99_ms": 206.12827600110927
    },
    "total_pipeline": {
      "mean_ms": 22.677629999331355,
      "std_ms": 49.18603690709248,
      "median_ms": 13.394350000453414
    },
    "throughput": {
      "images_per_second": 366.85450860841996,
      "batches_per_second": 46.63404770446016,
      "inference_fps": 46.634047704460166,
      "total_fps": 44.096318708325555,
      "peak_fps": 173.0702665633457
    },
    "gpu_memory": {
      "mean_allocated_mb": 402.885595703125,
      "max_allocated_mb": 403.34619140625,
      "mean_reserved_mb": 760.0,
      "max_reserved_mb": 760.0
    }
  },
  "16": {
    "data_loading": {
      "mean_ms": 2.0714466658925326,
      "std_ms": 0.20557010640330367,
      "min_ms": 1.4481000034720637,
      "max_ms": 2.3851999940234236,
      "median_ms": 2.1000000051571988
    },
    "inference": {
      "mean_ms": 37.57580666715512,
      "std_ms": 36.82635151323691,
      "min_ms": 17.471600003773347,
      "max_ms": 169.65989999880549,
      "median_ms": 25.00539999891771,
      "p95_ms": 96.71423000036145,
      "p99_ms": 155.07076599911665
    },
    "total_pipeline": {
      "mean_ms": 39.64725333304765,
      "std_ms": 36.85237945378776,
      "median_ms": 27.109199996630196
    },
    "throughput": {
      "images_per_second": 418.70913039069325,
      "batches_per_second": 26.612868457035585,
      "inference_fps": 26.61286845703559,
      "total_fps": 25.22242818688421,
      "peak_fps": 57.23574256416297
    },
    "gpu_memory": {
      "mean_allocated_mb": 426.38714192708335,
      "max_allocated_mb": 427.19921875,
      "mean_reserved_mb": 1260.0,
      "max_reserved_mb": 1260.0
    }
  },
  "32": {
    "data_loading": {
      "mean_ms": 3.5796250003841124,
      "std_ms": 0.7885529300994077,
      "min_ms": 1.5046999978949316,
      "max_ms": 3.9922000069054775,
      "median_ms": 3.816299999016337
    },
    "inference": {
      "mean_ms": 75.4783625006894,
      "std_ms": 80.76338726494318,
      "min_ms": 17.558900006406475,
      "max_ms": 287.25780000240775,
      "median_ms": 49.65099999753875,
      "p95_ms": 205.34925999963878,
      "p99_ms": 270.8760920018539
    },
    "total_pipeline": {
      "mean_ms": 79.05798750107351,
      "std_ms": 81.01429756289994,
      "median_ms": 53.629850001016166
    },
    "throughput": {
      "images_per_second": 390.8404875600018,
      "batches_per_second": 13.248830086779721,
      "inference_fps": 13.248830086779721,
      "total_fps": 12.648943283389565,
      "peak_fps": 56.95117573624451
    },
    "gpu_memory": {
      "mean_allocated_mb": 470.7647705078125,
      "max_allocated_mb": 478.44287109375,
      "mean_reserved_mb": 2260.0,
      "max_reserved_mb": 2260.0
    }
  }
}