{
  "data_loading": {
    "mean_ms": 1.2340699991909787,
    "std_ms": 0.5306617600290722,
    "min_ms": 0.5167999988771044,
    "max_ms": 3.829000001132954,
    "median_ms": 1.1236999998800457
  },
  "inference": {
    "mean_ms": 21.443560000140373,
    "std_ms": 48.70142418239661,
    "min_ms": 5.777999998826999,
    "max_ms": 283.54250000120373,
    "median_ms": 12.145200002123602,
    "p95_ms": 16.052670001954535,
    "p99_ms": 206.12827600110927
  },
  "total_pipeline": {
    "mean_ms": 22.677629999331355,
    "std_ms": 49.18603690709248,
    "median_ms": 13.394350000453414
  },
  "throughput": {
    "images_per_second": 366.85450860841996,
    "batches_per_second": 46.63404770446016,
    "inference_fps": 46.634047704460166,
    "total_fps": 44.096318708325555,
    "peak_fps": 173.0702665633457
  },
  "gpu_memory": {
    "mean_allocated_mb": 402.885595703125,
    "max_allocated_mb": 403.34619140625,
    "mean_reserved_mb": 760.0,
    "max_reserved_mb": 760.0
  }
}