{
  "data_loading": {
    "mean_ms": 2.0714466658925326,
    "std_ms": 0.20557010640330367,
    "min_ms": 1.4481000034720637,
    "max_ms": 2.3851999940234236,
    "median_ms": 2.1000000051571988
  },
  "inference": {
    "mean_ms": 37.57580666715512,
    "std_ms": 36.82635151323691,
    "min_ms": 17.471600003773347,
    "max_ms": 169.65989999880549,
    "median_ms": 25.00539999891771,
    "p95_ms": 96.71423000036145,
    "p99_ms": 155.07076599911665
  },
  "total_pipeline": {
    "mean_ms": 39.64725333304765,
    "std_ms": 36.85237945378776,
    "median_ms": 27.109199996630196
  },
  "throughput": {
    "images_per_second": 418.70913039069325,
    "batches_per_second": 26.612868457035585,
    "inference_fps": 26.61286845703559,
    "total_fps": 25.22242818688421,
    "peak_fps": 57.23574256416297
  },
  "gpu_memory": {
    "mean_allocated_mb": 426.38714192708335,
    "max_allocated_mb": 427.19921875,
    "mean_reserved_mb": 1260.0,
    "max_reserved_mb": 1260.0
  }
}