{
  "data_loading": {
    "mean_ms": 0.21902499990527896,
    "std_ms": 0.09336582375519707,
    "min_ms": 0.1604999997653067,
    "max_ms": 1.2272999956621788,
    "median_ms": 0.19985000108135864
  },
  "inference": {
    "mean_ms": 4.946333051166374,
    "std_ms": 12.168841708624113,
    "min_ms": 2.7002999995602295,
    "max_ms": 181.33799999486655,
    "median_ms": 3.5314499982632697,
    "p95_ms": 5.722125004467671,
    "p99_ms": 32.029379999949235
  },
  "total_pipeline": {
    "mean_ms": 5.165358051071654,
    "std_ms": 12.249548368594791,
    "median_ms": 3.736300004675286
  },
  "throughput": {
    "images_per_second": 202.16996907723268,
    "batches_per_second": 202.16996907723268,
    "inference_fps": 202.16996907723268,
    "total_fps": 193.59742153644714,
    "peak_fps": 370.32922273927335
  },
  "gpu_memory": {
    "mean_allocated_mb": 380.98974609375,
    "max_allocated_mb": 380.98974609375,
    "mean_reserved_mb": 760.0,
    "max_reserved_mb": 760.0
  }
}