{
  "data_loading": {
    "mean_ms": 3.5796250003841124,
    "std_ms": 0.7885529300994077,
    "min_ms": 1.5046999978949316,
    "max_ms": 3.9922000069054775,
    "median_ms": 3.816299999016337
  },
  "inference": {
    "mean_ms": 75.4783625006894,
    "std_ms": 80.76338726494318,
    "min_ms": 17.558900006406475,
    "max_ms": 287.25780000240775,
    "median_ms": 49.65099999753875,
    "p95_ms": 205.34925999963878,
    "p99_ms": 270.8760920018539
  },
  "total_pipeline": {
    "mean_ms": 79.05798750107351,
    "std_ms": 81.01429756289994,
    "median_ms": 53.629850001016166
  },
  "throughput": {
    "images_per_second": 390.8404875600018,
    "batches_per_second": 13.248830086779721,
    "inference_fps": 13.248830086779721,
    "total_fps": 12.648943283389565,
    "peak_fps": 56.95117573624451
  },
  "gpu_memory": {
    "mean_allocated_mb": 470.7647705078125,
    "max_allocated_mb": 478.44287109375,
    "mean_reserved_mb": 2260.0,
    "max_reserved_mb": 2260.0
  }
}