{
  "data_loading": {
    "mean_ms": 0.6872169496846716,
    "std_ms": 0.4434265765010227,
    "min_ms": 0.5086000019218773,
    "max_ms": 4.034199999296106,
    "median_ms": 0.6213000015122816
  },
  "inference": {
    "mean_ms": 9.557947457740399,
    "std_ms": 23.978046290907354,
    "min_ms": 5.769500006863382,
    "max_ms": 191.99790000129724,
    "median_ms": 6.20389999676263,
    "p95_ms": 10.07352999586146,
    "p99_ms": 87.39385600041744
  },
  "total_pipeline": {
    "mean_ms": 10.24516440742507,
    "std_ms": 24.417181684406284,
    "median_ms": 6.804800003010314
  },
  "throughput": {
    "images_per_second": 418.4998942174184,
    "batches_per_second": 104.6249735543546,
    "inference_fps": 104.62497355435461,
    "total_fps": 97.60702319967271,
    "peak_fps": 173.32524461572106
  },
  "gpu_memory": {
    "mean_allocated_mb": 390.2314453125,
    "max_allocated_mb": 390.2314453125,
    "mean_reserved_mb": 760.0,
    "max_reserved_mb": 760.0
  }
}