{"batch_idx":10,"_step":1,"inference_time_ms":29.092794000462163,"summary/frame_mean_ms":-2.26935939337337e+11,"gpu_transfer_time_ms":0.828542999443016,"summary/transfer_mean_ms":1.050138299979153,"postprocess_time_ms":0.00022899985197000206,"frames_processed":78,"summary/inference_mean_ms":30.131500444743626,"_runtime":1,"batch_fps":0,"_wandb":{"runtime":1},"total_batch_time_ms":-1.7650573059583284e+12,"_timestamp":1.7650708775597334e+09,"summary/fps":0,"summary/batch_mean_ms":-1.7650573059570662e+12,"summary/total_frames":78,"summary/video_fps":10,"dataset_preprocess_mean_ms":1.6494814360321004,"summary/postprocess_mean_ms":0.0005646670615533367}