{"_wandb":{"runtime":7},"gpu_transfer_time_ms":1.0840360009751748,"_step":14,"summary/transfer_mean_ms":1.1545393265799428,"summary/fps":0,"summary/frame_mean_ms":-2.2177139988794165e+11,"batch_idx":140,"inference_time_ms":27.261518000159413,"summary/inference_mean_ms":29.63997169188413,"postprocess_time_ms":0.00028099930204916745,"_timestamp":1.765070960146867e+09,"batch_fps":0,"summary/total_frames":1170,"summary/postprocess_mean_ms":0.0006331986210855962,"dataset_preprocess_mean_ms":1.2925542384063453,"summary/video_fps":10,"summary/batch_mean_ms":-1.7650573059574534e+12,"_runtime":7,"total_batch_time_ms":-1.765057305959905e+12,"frames_processed":1120}