{
  "data_loading": {
    "mean_ms": 0.30899745751551144,
    "std_ms": 0.13531117188354375,
    "min_ms": 0.21549989469349384,
    "max_ms": 1.3409999664872885,
    "median_ms": 0.25750009808689356
  },
  "inference": {
    "mean_ms": 9.979007205278691,
    "std_ms": 5.089852630476743,
    "min_ms": 7.475799880921841,
    "max_ms": 38.43419998884201,
    "median_ms": 8.633599965833127,
    "p95_ms": 26.021100056823343,
    "p99_ms": 33.12055511632934
  },
  "total_pipeline": {
    "mean_ms": 10.288004662794203,
    "std_ms": 5.2020008615712685,
    "median_ms": 8.924800087697804
  },
  "throughput": {
    "inference_fps": 100.21036957173659,
    "total_fps": 97.20057803010383,
    "peak_fps": 133.7649503636379
  },
  "gpu_memory": {
    "mean_allocated_mb": 380.98974609375,
    "max_allocated_mb": 380.98974609375,
    "mean_reserved_mb": 760.0,
    "max_reserved_mb": 760.0
  }
}