{
  "data_loading": {
    "mean_ms": 0.3259881353696366,
    "std_ms": 0.12148462237291983,
    "min_ms": 0.21430000197142363,
    "max_ms": 1.1072999986936338,
    "median_ms": 0.28404999829945154
  },
  "inference": {
    "mean_ms": 10.56927499993728,
    "std_ms": 6.057373478592248,
    "min_ms": 7.652699998288881,
    "max_ms": 74.61379999585915,
    "median_ms": 9.166399999230634,
    "p95_ms": 14.375799997651484,
    "p99_ms": 40.16530000262722
  },
  "total_pipeline": {
    "mean_ms": 10.895263135306916,
    "std_ms": 6.150693988092368,
    "median_ms": 9.505099998932565
  },
  "throughput": {
    "inference_fps": 94.61386897454501,
    "total_fps": 91.7830058421834,
    "peak_fps": 130.67283445366954
  },
  "gpu_memory": {
    "mean_allocated_mb": 380.98974609375,
    "max_allocated_mb": 380.98974609375,
    "mean_reserved_mb": 760.0,
    "max_reserved_mb": 760.0
  }
}