{
  "data_loading": {
    "mean_ms": 0.3255008475623642,
    "std_ms": 0.1463286342731412,
    "min_ms": 0.20360000053187832,
    "max_ms": 1.3876000011805445,
    "median_ms": 0.28125000244472176
  },
  "inference": {
    "mean_ms": 10.320430084841249,
    "std_ms": 5.085052003395461,
    "min_ms": 7.265600004757289,
    "max_ms": 36.78659999422962,
    "median_ms": 8.748349995585158,
    "p95_ms": 14.9039999996603,
    "p99_ms": 34.142500003872556
  },
  "total_pipeline": {
    "mean_ms": 10.645930932403612,
    "std_ms": 5.20999647559024,
    "median_ms": 9.046049992321059
  },
  "throughput": {
    "inference_fps": 96.895186710175,
    "total_fps": 93.93260263940323,
    "peak_fps": 137.6348820944218
  },
  "gpu_memory": {
    "mean_allocated_mb": 380.98974609375,
    "max_allocated_mb": 380.98974609375,
    "mean_reserved_mb": 760.0,
    "max_reserved_mb": 760.0
  }
}