{
  "fp32": {
    "data_loading": {
      "mean_ms": 2.38224666682072,
      "std_ms": 1.385273507527846,
      "median_ms": 2.0379000052344054
    },
    "inference": {
      "mean_ms": 43.086386666982435,
      "std_ms": 72.55319893938106,
      "min_ms": 17.364100000122562,
      "max_ms": 314.41699999413686,
      "median_ms": 23.63570000306936,
      "p95_ms": 113.58238000029785,
      "p99_ms": 274.25007599536895
    },
    "total_pipeline": {
      "mean_ms": 45.468633333803155,
      "std_ms": 73.93172436329992,
      "median_ms": 25.642300002800766
    },
    "throughput": {
      "images_per_second": 365.15787352829835,
      "batches_per_second": 23.209186876798626,
      "mean_batch_fps": 23.209186876798626
    },
    "gpu_memory": {
      "mean_allocated_mb": 425.68011067708335,
      "max_allocated_mb": 426.73681640625,
      "mean_reserved_mb": 1260.0,
      "max_reserved_mb": 1260.0
    }
  },
  "fp16": {
    "data_loading": {
      "mean_ms": 2.537613333455132,
      "std_ms": 0.8814901811203806,
      "median_ms": 2.23829999595182
    },
    "inference": {
      "mean_ms": 30.380193333742984,
      "std_ms": 27.14485299174552,
      "min_ms": 12.888800003565848,
      "max_ms": 93.43879999505589,
      "median_ms": 16.500300000188872,
      "p95_ms": 83.26359999846316,
      "p99_ms": 91.40375999573735
    },
    "total_pipeline": {
      "mean_ms": 32.917806667198114,
      "std_ms": 27.84876296265498,
      "median_ms": 18.58889999857638
    },
    "throughput": {
      "images_per_second": 517.8812774656859,
      "batches_per_second": 32.91618288976817,
      "mean_batch_fps": 32.91618288976817
    },
    "gpu_memory": {
      "mean_allocated_mb": 218.30725911458333,
      "max_allocated_mb": 218.91455078125,
      "mean_reserved_mb": 916.0,
      "max_reserved_mb": 916.0
    }
  },
  "amp": {
    "data_loading": {
      "mean_ms": 2.747053333829778,
      "std_ms": 1.9262748919598784,
      "median_ms": 2.028399998380337
    },
    "inference": {
      "mean_ms": 35.94136666506529,
      "std_ms": 66.97116879287036,
      "min_ms": 14.078499996685423,
      "max_ms": 283.42479999992065,
      "median_ms": 14.985099995101336,
      "p95_ms": 124.98735999834001,
      "p99_ms": 251.7373119996045
    },
    "total_pipeline": {
      "mean_ms": 38.688419998895064,
      "std_ms": 68.49234628982616,
      "median_ms": 17.06489999924088
    },
    "throughput": {
      "images_per_second": 437.7500021062361,
      "batches_per_second": 27.82309335420992,
      "mean_batch_fps": 27.82309335420992
    },
    "gpu_memory": {
      "mean_allocated_mb": 424.95764973958336,
      "max_allocated_mb": 425.98681640625,
      "mean_reserved_mb": 886.0,
      "max_reserved_mb": 886.0
    }
  }
}