{"total_batch_time_ms":-1.765057305954511e+12,"dataset_preprocess_mean_ms":0,"summary/batch_mean_ms":-1.76505730595718e+12,"summary/inference_mean_ms":29.927472725967785,"summary/transfer_mean_ms":1.1447286870694666,"summary/fps":0,"frames_processed":1120,"summary/frame_mean_ms":-2.217713998879073e+11,"_step":14,"summary/total_frames":1170,"batch_idx":140,"batch_fps":0,"_timestamp":1.7650709748468823e+09,"summary/postprocess_mean_ms":0.00045189035393390165,"summary/video_fps":10,"gpu_transfer_time_ms":1.1308949997328455,"inference_time_ms":32.607183000436635,"_runtime":5,"postprocess_time_ms":0.0005269994289847091,"_wandb":{"runtime":5}}