{"summary/inference_mean_ms":31.153183666901896,"summary/postprocess_mean_ms":0.00041988924850657996,"batch_idx":10,"summary/frame_mean_ms":-2.2693593933717935e+11,"_runtime":1,"summary/total_frames":78,"summary/fps":0,"_timestamp":1.7650708860170374e+09,"frames_processed":78,"batch_fps":0,"_step":1,"summary/batch_mean_ms":-1.7650573059558398e+12,"postprocess_time_ms":0.000467000063508749,"summary/transfer_mean_ms":1.2950853993970668,"gpu_transfer_time_ms":0.823661999675096,"total_batch_time_ms":-1.7650573059534348e+12,"summary/video_fps":10,"_wandb":{"runtime":1},"inference_time_ms":33.99366600024223,"dataset_preprocess_mean_ms":0}