{"postprocess_time_ms":0.00011999998150713509,"_timestamp":1.7650582558095138e+09,"summary/preprocess_mean_ms":1.4465615769093065,"inference_time_ms":81.9292180000275,"summary/frame_mean_ms":83.81543878666889,"_wandb":{"runtime":6},"summary/load_mean_ms":0.3185300769319045,"cpu_memory_mb":1173.95703125,"_step":8,"frame_idx":70,"preprocess_time_ms":1.0145909999437208,"summary/inference_mean_ms":83.81277109333041,"fps":12.205303257971478,"summary/fps":11.930976136094072,"summary/video_fps":10,"summary/total_frames":75,"total_time_ms":81.93159799998284,"_runtime":6,"summary/postprocess_mean_ms":0.00014165333292718665}