{
  "data_loading": {
    "mean_ms": 3.375033331879725,
    "std_ms": 4.895774481652198,
    "median_ms": 2.0714999991469085
  },
  "inference": {
    "mean_ms": 33.162513336477176,
    "std_ms": 63.337294144838424,
    "min_ms": 13.5463000042364,
    "max_ms": 269.71510000294074,
    "median_ms": 14.046600030269474,
    "p95_ms": 97.79411997878898,
    "p99_ms": 235.3309039981103
  },
  "total_pipeline": {
    "mean_ms": 36.53754666835691,
    "std_ms": 68.22472141058648,
    "median_ms": 16.114400001242757
  },
  "throughput": {
    "images_per_second": 474.43127044376996,
    "batches_per_second": 30.154529901087074,
    "mean_batch_fps": 30.154529901087077
  },
  "gpu_memory": {
    "mean_allocated_mb": 219.80432942708333,
    "max_allocated_mb": 220.32080078125,
    "mean_reserved_mb": 916.0,
    "max_reserved_mb": 916.0
  },
  "accuracy": {
    "accuracy": 0.43478260869565216,
    "precision": 1.0,
    "recall": 0.43478260869565216,
    "f1_score": 0.6060606060606061,
    "total_gt_lanes": 46,
    "correct_predictions": 20,
    "false_positives": 0,
    "false_negatives": 26
  }
}