{
  "fp32": {
    "data_loading": {
      "mean_ms": 2.7645133319310844,
      "std_ms": 3.261603739412715,
      "median_ms": 1.9215000211261213
    },
    "inference": {
      "mean_ms": 42.44627999529863,
      "std_ms": 66.38206658403975,
      "min_ms": 23.20499997586012,
      "max_ms": 290.5581999802962,
      "median_ms": 23.698800010606647,
      "p95_ms": 112.23424997297087,
      "p99_ms": 254.89340997883104
    },
    "total_pipeline": {
      "mean_ms": 45.21079332722972,
      "std_ms": 69.63664970318965,
      "median_ms": 25.645999994594604
    },
    "throughput": {
      "images_per_second": 370.66459852491107,
      "batches_per_second": 23.55919058421045,
      "mean_batch_fps": 23.55919058421045
    },
    "gpu_memory": {
      "mean_allocated_mb": 428.09563802083335,
      "max_allocated_mb": 429.15234375,
      "mean_reserved_mb": 1260.0,
      "max_reserved_mb": 1260.0
    },
    "accuracy": {
      "accuracy": 0.43478260869565216,
      "precision": 1.0,
      "recall": 0.43478260869565216,
      "f1_score": 0.6060606060606061,
      "total_gt_lanes": 46,
      "correct_predictions": 20,
      "false_positives": 0,
      "false_negatives": 26
    }
  },
  "fp16": {
    "data_loading": {
      "mean_ms": 3.375033331879725,
      "std_ms": 4.895774481652198,
      "median_ms": 2.0714999991469085
    },
    "inference": {
      "mean_ms": 33.162513336477176,
      "std_ms": 63.337294144838424,
      "min_ms": 13.5463000042364,
      "max_ms": 269.71510000294074,
      "median_ms": 14.046600030269474,
      "p95_ms": 97.79411997878898,
      "p99_ms": 235.3309039981103
    },
    "total_pipeline": {
      "mean_ms": 36.53754666835691,
      "std_ms": 68.22472141058648,
      "median_ms": 16.114400001242757
    },
    "throughput": {
      "images_per_second": 474.43127044376996,
      "batches_per_second": 30.154529901087074,
      "mean_batch_fps": 30.154529901087077
    },
    "gpu_memory": {
      "mean_allocated_mb": 219.80432942708333,
      "max_allocated_mb": 220.32080078125,
      "mean_reserved_mb": 916.0,
      "max_reserved_mb": 916.0
    },
    "accuracy": {
      "accuracy": 0.43478260869565216,
      "precision": 1.0,
      "recall": 0.43478260869565216,
      "f1_score": 0.6060606060606061,
      "total_gt_lanes": 46,
      "correct_predictions": 20,
      "false_positives": 0,
      "false_negatives": 26
    }
  },
  "amp": {
    "data_loading": {
      "mean_ms": 2.7456333433898785,
      "std_ms": 3.253542264653554,
      "median_ms": 1.9058000179938972
    },
    "inference": {
      "mean_ms": 32.925126674429826,
      "std_ms": 61.30929676491293,
      "min_ms": 14.813599991612136,
      "max_ms": 261.999900045339,
      "median_ms": 14.932799967937171,
      "p95_ms": 95.66155999200393,
      "p99_ms": 228.7322320346719
    },
    "total_pipeline": {
      "mean_ms": 35.6707600178197,
      "std_ms": 64.55482177797168,
      "median_ms": 16.862999997101724
    },
    "throughput": {
      "images_per_second": 477.8518694523988,
      "batches_per_second": 30.371940855025347,
      "mean_batch_fps": 30.371940855025347
    },
    "gpu_memory": {
      "mean_allocated_mb": 426.35947265625,
      "max_allocated_mb": 427.98681640625,
      "mean_reserved_mb": 886.0,
      "max_reserved_mb": 886.0
    },
    "accuracy": {
      "accuracy": 0.43478260869565216,
      "precision": 1.0,
      "recall": 0.43478260869565216,
      "f1_score": 0.6060606060606061,
      "total_gt_lanes": 46,
      "correct_predictions": 20,
      "false_positives": 0,
      "false_negatives": 26
    }
  }
}