{"_runtime":2,"_timestamp":1.7650709435742128e+09,"batch_fps":0,"batch_idx":30,"summary/video_fps":10,"_wandb":{"runtime":2},"frames_processed":240,"summary/fps":0,"summary/total_frames":297,"dataset_preprocess_mean_ms":0,"summary/postprocess_mean_ms":0.0005230810308382166,"summary/frame_mean_ms":-2.2597619488030417e+11,"summary/transfer_mean_ms":1.2135526317012448,"inference_time_ms":31.846904999838443,"summary/inference_mean_ms":30.06896086490825,"gpu_transfer_time_ms":1.0552410003583645,"summary/batch_mean_ms":-1.7650573059569702e+12,"total_batch_time_ms":-1.765057305955348e+12,"_step":3,"postprocess_time_ms":0.0009840005077421665}