{"_runtime":2,"_step":3,"_timestamp":1.7650709328802438e+09,"summary/video_fps":10,"batch_fps":0,"summary/fps":0,"summary/transfer_mean_ms":1.3595530262567703,"summary/postprocess_mean_ms":0.0006673782155377086,"summary/total_frames":297,"total_batch_time_ms":-1.7650573059577407e+12,"inference_time_ms":29.143365998606896,"summary/inference_mean_ms":31.74135102700667,"summary/batch_mean_ms":-1.76505730595517e+12,"_wandb":{"runtime":2},"frames_processed":240,"summary/frame_mean_ms":-2.2597619488007364e+11,"dataset_preprocess_mean_ms":0,"postprocess_time_ms":0.0005490001058205962,"batch_idx":30,"gpu_transfer_time_ms":1.3616090000141412}