{"summary/fps":0,"batch_fps":0,"total_batch_time_ms":-1.765057305952731e+12,"_step":1,"dataset_preprocess_mean_ms":0,"summary/inference_mean_ms":27.681596888618916,"frames_processed":78,"inference_time_ms":34.66119400036405,"summary/postprocess_mean_ms":0.0004788883719205236,"gpu_transfer_time_ms":0.8467459992971271,"batch_idx":10,"summary/batch_mean_ms":-1.7650573059592593e+12,"summary/total_frames":78,"postprocess_time_ms":0.00046199966163840145,"_wandb":{"runtime":1},"summary/video_fps":10,"_runtime":1,"summary/transfer_mean_ms":1.29656850003812,"summary/frame_mean_ms":-2.2693593933761905e+11,"_timestamp":1.765070894598017e+09}